{"d": [0.3232, 0.0341], "p": [0.2044, 0.0492], "beta": [2.9507, 0.0322], "mean_fit": 1.599850381652682, "std_fit": 0.04565681588745141, "number_of_samples": 417}