{"d": [0.4078, 0.0702], "p": [0.1408, 0.0728], "beta": [2.9059, 0.062], "mean_fit": 0.9259126173516687, "std_fit": 0.051996460774220626, "number_of_samples": 1245}