{"d": [0.3718, 0.0423], "p": [0.1547, 0.0536], "beta": [2.956, 0.0334], "mean_fit": 1.2232919063194978, "std_fit": 0.03554817651537008, "number_of_samples": 609}