{"d": [0.4552, 0.0682], "p": [0.1039, 0.0719], "beta": [2.882, 0.0901], "mean_fit": 0.7167256220800535, "std_fit": 0.04947471416135431, "number_of_samples": 1578}