{"d": [0.3536, 0.0183], "p": [0.159, 0.026], "beta": [2.9786, 0.0231], "mean_fit": 1.859246355586972, "std_fit": 0.23836952615304782, "number_of_samples": 283}