{"d": [0.4539, 0.0941], "p": [0.1406, 0.115], "beta": [2.7624, 0.1519], "mean_fit": 0.44008743703465397, "std_fit": 0.09623256253729799, "number_of_samples": 509}