{"d": [0.3345, 0.0118], "p": [0.1606, 0.0206], "beta": [2.9531, 0.0199], "mean_fit": 25.325690259486876, "std_fit": 4.85997824822947, "number_of_samples": 57}