{"d": [0.3339, 0.021], "p": [0.1764, 0.0362], "beta": [2.9212, 0.0378], "mean_fit": 10.759380996681898, "std_fit": 1.2745494384826486, "number_of_samples": 461}