{"d": [0.4253, 0.0414], "p": [0.1196, 0.0651], "beta": [2.6942, 0.1056], "mean_fit": 1.567493474570094, "std_fit": 0.27189819745920396, "number_of_samples": 2685}