{"d": [0.3506, 0.0279], "p": [0.1642, 0.0469], "beta": [2.9, 0.0404], "mean_fit": 6.3536239404231045, "std_fit": 0.5978062978009596, "number_of_samples": 1208}