{"d": [0.3366, 0.0163], "p": [0.1633, 0.018], "beta": [2.942, 0.0439], "mean_fit": 14.23494574752145, "std_fit": 0.8736589381414652, "number_of_samples": 790}