{"d": [0.3485, 0.0532], "p": [0.2034, 0.0935], "beta": [2.848, 0.0914], "mean_fit": 3.0496524434602694, "std_fit": 0.44714765131700024, "number_of_samples": 1772}