{"d": [0.3776, 0.0102], "p": [0.1578, 0.0159], "beta": [2.9886, 0.0089], "mean_fit": 4.12043900500794, "std_fit": 0.8381754144612358, "number_of_samples": 224}