{"d": [0.3797, 0.0168], "p": [0.1524, 0.0267], "beta": [2.9905, 0.0086], "mean_fit": 1.9874981596067218, "std_fit": 0.13562003876016052, "number_of_samples": 952}