{"d": [0.4378, 0.0883], "p": [0.1884, 0.1202], "beta": [2.7684, 0.1405], "mean_fit": 0.5020663034176538, "std_fit": 0.1270901499447698, "number_of_samples": 428}