{"d": [0.3958, 0.0304], "p": [0.1459, 0.0362], "beta": [2.9734, 0.014], "mean_fit": 1.431323029747515, "std_fit": 0.07598412573351881, "number_of_samples": 698}