{"d": [0.4866, 0.06], "p": [0.0931, 0.0808], "beta": [2.9172, 0.0764], "mean_fit": 0.8619975645671426, "std_fit": 0.057535501388927504, "number_of_samples": 1846}