{"d": [0.4851, 0.0521], "p": [0.0881, 0.0628], "beta": [2.9188, 0.0788], "mean_fit": 0.9399698381850929, "std_fit": 0.05700449911513865, "number_of_samples": 1439}